"component","beta","lambda","omega_i","A_1","A_2","A_3","A_4","A_5","A_6","A_7","A_8","A_9","A_10","A_11","A_12","A_13","A_14","A_15","A_16","A_17","A_18","A_19","A_20","A_21","A_22","A_23","A_24","A_25","A_26","A_27","A_28","A_29","A_30","A_31","A_32","A_33","A_34","A_35","A_36","A_37","A_38","A_39","A_40","A_41","A_42","A_43","A_44","A_45","A_46","A_47","A_48","A_49","A_50","convergence_i","n_iterations_i","pen_loglik_i","loglik_i","df_i","aic_i","bic_i","penalty","HLag_structure","MAD_i_insample","count_non_zero_coef_i","Model_id"
1,10.7013581098628,1.7750606229,-0.000786458372836439,0.0726104186285817,0.000239739034263784,0.00776886094929554,-0.00859219959254063,-0.00780210749122437,0.000160803760825152,-0.00387766472782875,0.00194142607383533,0.000534854819712906,-0.00263110616715905,0.000668509429677551,0.000890751570415351,0.000121715470190971,-0.000194206764789523,0.00124639431153803,-0.000151925289890076,-0.000206664290103692,0.000262978803676159,0.000384996572496265,0.00014820916252722,-0.000318899606817838,-0.000105669059755063,-9.12853072685657e-05,-1.99646196268226e-05,0.000102197535375405,9.08929310573564e-05,-1.92843774983881e-05,-0.000158954861395639,-0.000188006713378976,-6.00176948394519e-06,-9.16682842076029e-05,1.17195328154377e-05,9.57489780211832e-05,2.11374788027784e-05,3.37449404019313e-05,0.000176050970185649,8.31492632428423e-06,-1.22786188159161e-05,1.90748517927683e-05,-7.22026425048001e-05,-8.41797349507079e-05,9.59502933849922e-05,-4.51860155279081e-05,-1.62260992717074e-05,4.16657756229065e-05,-3.24765683780356e-05,-1.12659253923523e-05,-1.40229586005706e-05,7.11965871667726e-05,6.35940316334152e-06,1,766,-0.572350751098082,-568.773208433355,6,1149.54641686671,1181.42573918925,"group-mcp","own-other",0.284458624104757,6,"Model1"
2,10.7013581098628,1.7750606229,-0.0226810659031647,0.00629047120923453,0.0527280810500721,-0.00891845225774125,0.00258838905781318,-0.020594791303835,0.00145026266549196,-0.00304396918588024,0.000933175351357579,0.00143341043180112,0.00122959968163136,-0.000293994833007854,0.000402715674821817,-0.000928283984746172,-0.00011716510040008,0.000607750500759404,4.02005276800199e-05,-0.00032372442558671,3.49461587090391e-06,1.61410987743265e-05,0.000214001092868749,-0.000110766215138777,0.00029261096076235,7.63881171034345e-05,-0.000242582110583673,0.000213548057800342,-0.000287587270667208,0.000232058502693178,-1.17622638082171e-05,4.19258420245232e-05,-0.000123726995011312,-0.000169079330038237,-0.000145145862718922,-3.59026035588633e-05,-6.33520991401534e-05,4.91191630717858e-05,-9.88022854347286e-06,6.07556453257636e-05,9.51522334526503e-05,0.000146246384434242,2.29392154404528e-05,1.03593920955159e-05,-7.09402900603782e-05,7.75954540397695e-06,8.69939253787615e-07,7.02748515852192e-05,2.30557026533493e-05,2.75579533288342e-05,1.49770021049715e-05,0.000175983153162399,-1.27622769294166e-05,1,697,-0.572678369177039,-599.942795035207,6,1211.88559007041,1243.76491239296,"group-mcp","own-other",0.286950328895404,6,"Model1"
3,10.7013581098628,1.7750606229,-0.0951124471876831,-0.0140278159842502,-0.0184816078386843,0.179705713150593,-0.0301648311722292,-0.0635834104364187,-0.0142418705967259,-0.0172252708472473,0.197363622499098,-0.0301001727737123,-0.0605393243159176,-0.0167570389408836,-0.0180821830034479,0.217612359604326,-0.0261810704227244,-0.053517822324497,-0.0189602453471058,-0.0205818463496056,-0.0632563841496935,-0.0273496771960528,-0.0502505294628565,-0.017875689360262,-0.0180186137147515,0.106682140334165,-0.0243209449147774,-0.0444183621598395,-0.0154030737246339,-0.0163146683074113,0.0932749498607057,-0.0214102616591221,-0.0370951460078524,-0.0136615869074933,-0.0139851134022869,0.0772318795606816,-0.0177645052116486,-0.030429931028194,-0.0124361407209942,-0.0118843671913906,0.0492947074257477,-0.0147900621717953,-0.0250092460391401,-0.0103168354603036,-0.0101440078118988,0.0397742728519862,-0.0124978817964036,-0.0215814618185906,-0.00948738121837632,-0.00875045424923043,0.022484628385279,-0.0114226802818294,-0.0201062630812137,4,113,-7.29736573588317,-1432.52284174398,50,2965.04568348797,3230.70670284248,"group-mcp","own-other",0.37105580924642,50,"Model1"
4,10.7013581098628,1.7750606229,-0.0269626142933001,0.000417403945491896,0.0298316894483643,0.0146034045455442,0.0450563875351282,0.0210040269061507,0.0115770491897615,-0.00762291773243692,0.0130383717204707,0.0235972943531794,0.00594333580443892,-0.00179091595664678,-0.00169606981053096,-2.69803039824037e-05,0.00310984380646558,0.000687394275394485,0.000121644482628337,0.00113722796373666,-0.000148940347774189,0.000624475103033588,0.00112096568880755,-0.000452592415796889,0.000374518322616929,-0.000208271223993584,-0.000463156656726308,0.00144748135485258,0.000337120456363445,-2.07208765908842e-05,0.000234639911642119,0.00051894135429183,0.000160659975486216,-4.16873006696029e-05,-2.71365289536035e-05,-0.000171689192611102,0.000290634182740437,4.45697231968896e-05,-2.03679145041294e-06,-0.0001541366574338,-6.18086921576501e-05,-2.94762182587441e-05,2.38897034867747e-05,1.88438461638847e-06,5.59814978564598e-05,5.78956203361261e-05,-8.57968774550416e-06,-3.31903225044309e-05,8.30393448493106e-05,-0.000162022631203663,-5.21196438869308e-05,2.48099917746048e-05,-9.68461231838962e-05,5,1500,-0.81879754738838,-724.844137979178,10,1469.68827595836,1522.82047982926,"group-mcp","own-other",0.302807590734338,10,"Model1"
5,10.7013581098628,1.7750606229,-0.0908515189222122,0.0455924939303799,0.0138979523695152,0.0533091055051892,-0.0386935017191031,0.259401168801066,0.016141760832147,0.00630198704854892,0.0218732932677308,0.0214115085396138,0.0879017189632542,0.00294400614438179,0.00367728301026705,0.00569571782011226,0.00651477764488832,0.0175970722930264,0.000626477956215673,0.00161835996023034,0.0015562596069516,0.00265848659024725,0.010739241061307,0.000396237181098149,0.000271603461578192,0.000539161880485208,0.000262640488089124,0.00189629180310577,-0.000111534260733221,-0.000200919693461062,0.000224393197800889,4.62482986786171e-05,0.000225763632243738,5.99880664588799e-05,6.85644568069161e-05,6.9898152532083e-05,5.3617883957299e-05,5.92353840428968e-05,2.05776856255771e-05,-9.81490669274842e-05,2.31408596843787e-05,1.67845566738657e-05,-1.6026843214488e-05,2.51112246262972e-05,1.93343159263119e-05,3.53341575081701e-05,3.35698313317203e-05,5.41612073127636e-05,3.60542820523047e-05,3.33787889988855e-05,-3.68013279264093e-05,3.93866852128064e-05,6.12836140964599e-05,1,1318,-1.84416361279708,-1157.97375996377,17,2349.94751992754,2440.27226650807,"group-mcp","own-other",0.385160041945093,17,"Model1"
1,10.7013581098628,1.3743649749,0.00236954638521725,0.0711142612270832,-0.00356787309822166,-0.00297113868271982,-2.22116880692379e-05,-0.00266554271098425,0.00741140632893787,0.0036241585005066,-0.000922202532846491,-0.00177261936128033,0.00700069163659421,-0.0022131637880061,0.00114186989143815,8.24836682687188e-05,0.000596094789405392,-3.63310105167495e-05,0.000669096123028659,-0.00024753492061816,0.000512126723481351,-0.000106195336871529,0.000136817470091616,-8.4292917123442e-05,-2.88820656981731e-05,5.5463987946916e-06,-9.72081014733377e-05,5.6704387449238e-05,-0.00011408847723629,6.19751678463818e-05,5.80090512951014e-07,-6.16869647671632e-05,9.65294604390471e-05,0.000102832776160928,-6.07110484829241e-05,6.09798367265638e-05,2.47087404736046e-05,-6.19427366000716e-05,7.70827794237606e-05,-8.65751406937044e-05,4.49314800020475e-05,-1.83888122171391e-05,-1.43806133048702e-05,3.65325763956952e-05,1.76175758342829e-05,-6.41312962499768e-05,-5.92615825725449e-05,-2.68562233924875e-05,2.08227827538403e-05,-2.50852829251577e-05,-2.75644047008454e-05,-4.12163628886702e-05,1.10002704327667e-05,1,967,-0.522476036323175,-549.264063501914,8,1114.52812700383,1157.03389010055,"group-mcp","own-other",0.282077234235244,8,"Model2"
2,10.7013581098628,1.3743649749,-0.0150446411394895,0.0035928032573401,0.0602616139709298,0.00607832229536014,0.00282013483185134,-0.00537019678468953,-0.000776452600459641,0.000464985523630044,-0.000352832833371969,-0.0025676503358065,0.00658456297307662,-0.000338168112232651,0.00224757789975524,0.00143505600819545,-0.000446712819414279,0.00489475247425013,9.08378641875273e-05,0.000542675918136445,0.000794365117547465,0.000543071157615573,-0.000127246787699537,-8.25995756378592e-05,0.000291970835622767,-6.97316560994149e-05,-8.05444850138352e-05,-0.000203311303771035,7.04748832616011e-05,-4.83798540562829e-06,0.000143786499145622,4.43023132927214e-05,8.84725892546058e-05,1.87211509081041e-05,0.000168028839773894,7.83567305838086e-05,-0.000239502530921891,9.67536872439358e-06,6.49034388653003e-05,0.000108340633294208,3.95857385618926e-05,-3.15452735008315e-05,-0.000192801136547289,-2.42902386519462e-06,4.82932190753809e-05,6.0331466270094e-05,-3.29660140788739e-05,3.99835365206092e-05,-9.0911118886248e-06,-2.62482137394841e-05,4.54826055635151e-05,-4.53946147452308e-05,-6.28989441846175e-06,1,655,-0.515704206853045,-547.387691487109,9,1112.77538297422,1160.59436645803,"group-mcp","own-other",0.280062244780469,9,"Model2"
3,10.7013581098628,1.3743649749,0.00588712560289438,0.0126517446746085,0.00800161404361961,0.173421449645773,0.0205342021484425,0.104236438122087,0.00165337265235938,0.00319535436522321,0.00812374601779723,-0.00104553584471547,0.00193073101033854,-0.00248175135203087,-0.00237344400185384,-0.00403940830442891,0.00635945477563021,-0.000131597712771185,0.000236944318829862,0.000336373400874613,0.00121561432244904,-0.000131588351027084,-6.71144021802982e-05,0.000371620209906674,0.000398248484922319,0.00102413072299861,-0.000530727559768773,0.0004395501317224,-0.00018018513670732,-4.90320055232301e-05,0.000394912123962035,0.000115520952479181,-4.77886747747638e-05,0.000156226962971785,1.81896820589279e-05,-2.16548110785787e-05,-5.86123526142848e-05,7.07804567663396e-05,0.000122072511694135,2.03997025176271e-05,-0.000126557197005953,1.09455003916999e-06,-0.000139433408655281,0.000101347700720283,9.45204936748657e-05,4.35869583915087e-05,-0.00012234112319047,0.000110951277549492,7.02185938574146e-06,3.54669598968571e-05,-0.000132397350966962,5.73211544669765e-06,7.44947844613045e-06,5,1500,-0.777888498235359,-439.363798602239,11,900.727597204477,959.173021462471,"group-mcp","own-other",0.266688544825056,11,"Model2"
4,10.7013581098628,1.3743649749,-0.0303817263184293,0.00334958517489716,0.00904880828117338,-0.00309161039380426,0.109255433328782,-0.0101162596923086,0.0058098567390102,0.012245547233873,0.0055801975572236,0.0194688233065002,0.00951765044594829,0.00100752528650327,0.00219576537416346,-0.000234798830636385,0.000192782285319871,0.00156808578869528,0.000536675919718847,-0.000419273524769131,0.00116248526694892,0.0010764100248533,0.000376253123068289,-0.000136461872820956,0.000189705887288855,9.65585578085035e-05,-1.99193658240186e-05,0.000129749565486743,8.42575333650515e-05,1.97111235200887e-05,0.000133435384080443,0.000146940370171214,0.000245769827597515,7.80581464101145e-05,1.319508707254e-05,1.88904176999775e-05,-2.76740012925171e-05,3.98933833729866e-05,3.34366795947929e-05,-2.39556497436653e-05,8.5019732963432e-05,5.61085358155491e-05,5.46910665124633e-05,0.000118588937627678,6.04285516783876e-05,-3.88013901182864e-05,2.15171649038811e-05,1.73478032451836e-05,-5.01379754876074e-05,2.23334266586746e-05,6.42069004773787e-05,-3.7835437890121e-05,-2.39529528264571e-05,1,1175,-0.76666276230902,-739.746840149264,11,1501.49368029853,1559.93910455652,"group-mcp","own-other",0.304889466747726,11,"Model2"
5,10.7013581098628,1.3743649749,-0.0542220120312721,1.20210741298201e-05,0.0214799625631814,0.0951435849293558,0.0719476221726963,0.347019289797968,0.0167738423278012,0.0253032856118741,0.0315642984705327,0.0214798640217466,0.0839496369447098,0.00456985848778197,0.00177689863738094,0.0169600220500036,0.0037802367113345,0.0315022513866791,0.000799348810186497,0.00198106709624864,-0.000990527801951312,0.00161890382853905,0.00406055976299393,-6.83663696468729e-05,0.000227363455499463,0.000922358880665039,0.000202133405734206,0.00151577229142687,0.000252797273042228,0.000372737829570005,-8.58498064424709e-06,6.72302080724159e-05,0.000411801348548841,2.46330082388465e-06,-5.92872768713211e-05,0.000180940073227439,2.56908275006512e-05,8.59176891298759e-05,3.33492464096559e-05,-2.84714570764502e-05,-8.9162217126348e-05,4.49393244631047e-05,0.000102150009063841,2.24443854494561e-05,3.88716565514346e-05,0.000111236373565109,7.35966299955764e-05,2.02453301849208e-05,-1.22400135565309e-05,1.05677249938558e-05,4.49893730533328e-05,2.38620200425732e-05,3.27127295027409e-05,5,1500,-1.53031390416158,-740.939536904969,14,1509.87907380994,1584.2641592292,"group-mcp","own-other",0.343133076613774,14,"Model2"
1,10.7013581098628,1.0641208868,0.00463445453362227,0.0792348097337179,0.0052620912455846,-0.00601400121428673,0.00346971797173106,-0.00187261283069265,0.0149738368737754,0.00647081674742231,0.000305687608391748,0.00285602072681887,0.00306122180934557,0.0010325887025268,0.00347005573329663,-8.98446792184105e-05,0.0013919251661614,0.000518532008339466,0.000907350556782566,0.000639884016448905,0.000198953937696264,0.000324040238547493,0.000845095374401207,0.000198182885357249,0.00025720805235173,5.9855590822951e-05,0.000413021764688712,-0.000198630995912528,0.000291868020195314,0.000164047145396092,6.8884854067603e-06,0.000103002909305978,-5.88999026100306e-05,8.95516074322949e-05,0.000139271762826934,-3.12221334952195e-05,-8.20254974235777e-06,0.00016099892066427,-2.71780324803763e-05,3.45796094240369e-05,-4.00345704063263e-05,0.000105588641082509,7.73071426478072e-05,-4.33552489959165e-05,-9.85610604862602e-05,-2.44531840233484e-05,-2.36308955154034e-05,-0.000141588215362546,-1.5676309667872e-05,7.14629044300771e-06,-7.55430375325228e-05,-2.09986067125366e-05,-3.73382430442779e-05,1,715,-0.501727392161309,-523.611669371518,9,1065.22333874304,1113.04232222685,"group-mcp","own-other",0.278676682582463,9,"Model3"
2,10.7013581098628,1.0641208868,-0.0120739502596461,-0.0146324033131123,0.0579750606955321,0.0147634484369861,-0.00432325956336011,0.0116974805089679,0.00618973503602638,0.0057009564382193,0.00102003501666282,-0.00655728324605903,0.00823451820450762,0.00302424486537797,0.000309667327499477,0.000915095074454484,0.000221877963786471,0.000311954079904774,0.000210765054527616,0.000647395181818533,0.000406309534883366,0.000329425669154594,0.00023333396331049,-6.5871611298029e-05,-0.000437109826893798,0.000192838579779214,-3.27227540290679e-05,-0.000112546372743187,0.000153659053593105,-0.000172944546382914,0.000234378023072237,5.27452716949518e-05,9.19700447255884e-05,-4.24859452432223e-05,9.05959150682289e-05,3.92037720703966e-05,-9.72165057393767e-05,1.1892507996588e-05,4.24658923616807e-05,-1.58464953948501e-05,-7.19565838426839e-05,9.6167341652255e-05,-5.40398378546724e-05,5.90581507842684e-05,-5.76330327622794e-05,2.84147288753735e-06,-7.97596459658015e-05,-6.83322769889214e-05,-6.4482562124595e-06,-1.08157302568166e-05,5.49126129913468e-05,-7.90606428376389e-05,-1.93823020580726e-06,1,664,-0.493434796906633,-531.805292554354,10,1083.61058510871,1136.74278897961,"group-mcp","own-other",0.278056652075204,10,"Model3"
3,10.7013581098628,1.0641208868,5.5189523215024e-05,0.0193648403362677,-0.0105625551752358,0.154472161425754,0.015202399821938,0.037635308302141,-0.00916896834799397,0.0279413392431491,0.123649872440861,0.0149124551262804,-0.0111900232610861,0.00103777795434061,0.00215114597119407,0.0015065747094545,0.00267114691131081,0.0087561606889368,0.0023015184510013,0.0028941846069608,0.00304959103462443,0.00181430621025892,0.000595292365985547,-0.000285895282797581,0.00150937457013411,0.0010820138215656,0.000963383063527016,0.000401154593204074,-0.000186968653417815,-4.54076110594922e-05,0.000882277972512867,9.60041672683373e-05,0.000284774654242642,0.000225337325291877,0.000637439464793541,0.000202961497417196,-0.00016404504610492,3.5559153633913e-05,-0.000356714755078395,0.000600487225607028,9.48581868474166e-05,1.97353062309877e-05,-0.000750058825507662,0.000421415912412715,-0.000194618067608485,-0.000196657915235994,6.7912968080401e-05,0.000163372485188323,0.00029886877916837,9.28437513500004e-05,0.000153269279395709,5.10880671914978e-05,-5.00158648025783e-05,4,996,-0.862398565814028,-424.018820959309,16,880.037641918618,965.049168112063,"group-mcp","own-other",0.264498588924495,16,"Model3"
4,10.7013581098628,1.0641208868,0.00219386584153089,-0.0281343614409634,-0.0346791055976288,0.0152056386530226,0.0520716756528125,0.136179960240877,0.0244217402253905,0.0285289934350639,-0.0116758474570344,0.0236569012988235,0.0280023733720523,0.00311597245933835,0.00439893295826308,-0.00251322610472401,0.00290140041467657,0.00245639762181592,0.000526344492779355,0.000172406113546322,-0.000206642396258585,0.000536949731535628,0.000904905462678294,0.000480272529107475,7.4046348379969e-05,-0.000412984980260052,0.000421009884683037,-0.000446654525947215,-0.000267464786822895,0.000205836523269115,-0.000130128487729771,8.78059952573726e-05,-0.000147448333601403,-1.47363323427469e-05,-4.96054006006482e-05,-0.000153244895144107,-1.79086794276963e-06,0.000107316533751603,1.81349602358327e-05,-0.000196026820248941,-3.0563668713613e-05,-3.2308286730509e-05,0.000123397034034333,4.46924975903753e-05,6.64721344239018e-05,2.85778725135084e-05,7.08053567215203e-05,-4.84740110655203e-06,-8.49652805522956e-05,-0.000113941061480757,2.89098485571889e-06,-5.05563502261347e-06,1.9497777309072e-05,1,821,-0.816730218169649,-534.260711824294,15,1098.52142364859,1178.21972945494,"group-mcp","own-other",0.280167847864182,15,"Model3"
5,10.7013581098628,1.0641208868,-0.0676547348138978,0.068934621780655,0.00638467213772713,0.0820701691493383,0.0486633264171717,0.237352349387137,0.0199486632047599,0.0208616145313103,0.0252567055515213,0.0284799478726673,0.108054337133133,0.00399838613136496,0.0076205097775304,0.00599762898496304,0.00691686545391817,0.0560220401050998,0.00118417793907531,0.000767849398535895,0.00184485193997962,0.00197139949025024,0.0114715452389922,0.000434024291855077,0.000724843446284473,0.00101495965875041,0.000639977840476647,0.00243141194005223,-6.70851001000576e-05,-3.01067134920243e-05,0.000128005863374208,5.51934424877624e-05,0.00102034944184443,5.73382872537099e-05,0.000159830225606569,5.79180837295277e-05,5.6376758710512e-05,0.000292495556597586,8.22701094774993e-05,0.000117908107232878,8.42812682637925e-05,-1.29370291387264e-05,-8.23500746514922e-05,3.57363603315688e-06,6.16449036266039e-05,7.6119930603778e-05,2.69780634248175e-05,0.000119522861243756,-1.38101833173128e-05,5.97147034862938e-05,3.68888438077021e-05,5.19442850828845e-05,6.27071203204245e-05,1,1381,-1.35666472397485,-823.022791293646,17,1680.04558258729,1770.37032916783,"group-mcp","own-other",0.353243095564211,17,"Model3"
1,10.7013581098628,0.8239101566,0.0176093600456887,0.201457984866701,-0.0033960198809027,0.00297042193961212,0.00831348206952564,0.0173172545409539,0.0157223516443759,-0.0128401971518724,0.00165872345450472,0.00355141501181934,0.0151808584151281,0.00773147077647256,0.00130822756642573,0.000272620485950725,5.09960767882561e-05,0.000378438840945955,0.000921693667847155,0.000394751338221104,-0.000219242715385147,-4.7802550579392e-06,0.000321007009148517,0.00030360044596761,-5.11735455184497e-05,0.000117993388508711,0.000468463639201576,-1.96717776964798e-05,0.000126517828316876,-3.08664614840506e-05,-1.19479278753116e-05,7.85915025761535e-05,1.97042599725469e-05,-6.16467514213935e-05,6.82539873416662e-05,1.36210275706712e-05,-4.08772104549819e-05,-3.53811562462147e-05,-8.95692623594877e-05,7.18439058760323e-05,-5.72476336960505e-05,-3.19052460349118e-05,2.30838960722006e-05,2.3605641101164e-05,2.47698563801613e-05,1.95491989617212e-05,-5.72181778578731e-05,5.43620103471866e-05,-1.67178455890089e-05,1.11536541564173e-05,-3.01426547036594e-05,-8.72021636557081e-05,1.31415100894421e-05,1,773,-0.535077862603806,-438.827230099296,10,897.654460198592,950.786664069495,"group-mcp","own-other",0.268094686596098,10,"Model4"
2,10.7013581098628,0.8239101566,-0.00568433488645704,-0.00144914804703192,0.0853856042623944,0.0041870959603661,-0.0214885070855524,0.0276943068318853,2.01157050010208e-05,0.0107476095685795,0.00319452976987612,0.00705729115770975,0.010823311844965,-0.000411986470669597,0.00466570189417004,0.000672165762353294,0.00168373670502724,0.000239433737795775,0.000278095832503884,0.000100933550785351,0.000639933551881258,6.84251721511104e-05,0.000371704451910472,-3.15513601950414e-05,-7.40993162654335e-05,0.000391665042011165,6.53131742439674e-05,4.64297245688558e-05,0.00020122180711709,0.000123653551838112,0.000117160670145835,0.000194813373584347,0.000113770210025969,-0.000212006168362982,-0.000185200929686159,3.82073310880473e-05,-2.97824820251644e-05,-5.05302303180338e-05,0.000106910712120668,-1.35416188912042e-06,-8.95436483213129e-05,0.000218947666279697,-1.55824783028714e-05,-1.48040921209157e-05,0.000107098919584374,0.000133313308041414,-3.51880520179103e-05,4.43165361014537e-05,-3.27987920498301e-05,-2.17064367402682e-05,1.93231587176511e-05,-5.85882124061347e-05,-1.3251906354021e-05,1,625,-0.474937710575551,-492.632725493489,9,1003.26545098698,1051.08443447079,"group-mcp","own-other",0.273081693196922,9,"Model4"
3,10.7013581098628,0.8239101566,0.0105504791518669,0.0311104683255399,0.0492513443899744,0.152038045686193,0.0773658898043065,0.0733230830982071,0.00565718420037511,0.0112157291743842,0.0288075456507922,0.00383193074210387,0.00775093240129569,-0.00141432541147477,-0.00199846770544088,0.00335589790316653,0.0027820743239365,0.00178831712681277,-0.000205844566607979,0.00048575734435123,-0.000287732427387573,0.000176210942834763,-0.000141872544504498,-0.000192228371190163,-5.52258461819879e-05,-0.000201508326939619,3.38190399636242e-05,9.36993912400305e-05,9.07873795415833e-05,4.1960869884417e-05,5.53212671815579e-06,-5.90987910184119e-06,2.61404199765274e-05,2.63216582816142e-05,-1.5833804379903e-05,5.8835061410127e-05,9.86612335316325e-05,3.06411080134571e-05,-1.63808723220729e-05,9.48207443405111e-06,0.000169666097142354,7.10804374331205e-06,-5.09317607060259e-05,-2.56308255654897e-05,-4.60348412646891e-06,-1.43347168553146e-05,-2.44945922435923e-05,-7.32367945723989e-05,-5.76439403795515e-05,1.82945303493311e-05,-1.87184075946036e-05,8.62171878896182e-05,1.4386350616288e-05,5,1500,-0.581792299955239,-409.832514544561,12,843.665029089123,907.423673734207,"group-mcp","own-other",0.262769288957707,12,"Model4"
4,10.7013581098628,0.8239101566,0.0186838351840289,0.000408035698496173,0.0192836786345519,0.0360838457430156,0.243776791476538,0.104020124172764,0.00481338334034759,0.0188477194609651,-0.00351692150864223,0.0523383726986406,0.0139918167283709,0.000370991873717167,0.00357027728810333,-0.00155025990656931,0.00709779631803984,0.00669487308744152,0.000292478950556611,0.000415248336763426,0.000285430957848664,0.000158980240471989,-0.000289948061768719,0.000178794198774409,-0.00017690483570631,-0.000134525062011954,0.000416990490042728,-9.83380486015515e-05,-5.67654829583434e-05,-0.00019725590444027,4.04249130761142e-05,-1.37419210563912e-05,9.66047382700685e-05,8.80432497871072e-05,-8.81953401075226e-05,-0.000110358155067946,4.78528233688517e-05,5.80265675521536e-05,9.79193268880861e-05,5.46376469373984e-05,0.000171291294452892,-5.71391757246887e-05,-8.82493122488574e-05,-4.21582663430928e-05,-9.05428936947428e-06,-4.64884786354025e-06,-5.12231480318785e-05,0.000118040530992586,7.94535909141987e-05,-2.16581068552526e-06,4.48248696878524e-06,3.84039413181252e-06,-4.10837797365495e-05,1,796,-0.695857472059925,-437.677683006979,12,899.355366013959,963.114010659042,"group-mcp","own-other",0.269196314476879,12,"Model4"
5,10.7013581098628,0.8239101566,-0.0430686350455312,0.0330859408822092,0.00791782375746112,0.0423190888633379,0.0637655178525986,0.343599994283509,0.013352193332405,0.0178972594147123,0.0190116558368135,0.0128381527361456,0.142661502337458,0.00356911697482894,0.0106576873140578,0.0102408460191942,0.0143764023501188,0.0408199840525041,0.000567573129815867,0.000918322607701302,0.000628878954176477,0.00334418149089263,0.00767429934865872,-1.84452969954159e-06,0.00110725059154018,0.00101308486178928,0.00126678732804054,0.00209742974249975,-7.82235539466563e-05,0.000301041530517496,0.000344429683971416,0.000179047484102249,0.00145981546143733,7.22758738789197e-05,0.000124189863464157,0.000125183691925683,0.000161298781202317,0.000340548470277039,-6.23037107484166e-05,0.000130605725537899,9.84021002448902e-05,2.1613716295206e-05,0.000187137420096718,-7.65745142197425e-06,3.72608374438451e-05,1.34884963066175e-05,6.26687771669322e-05,0.000130011403192965,-5.57330490583892e-05,-4.40502906391037e-06,6.75953063294794e-06,4.58608274304308e-05,5.99793603149593e-05,1,1409,-1.08789774612004,-614.827058894014,18,1265.65411778803,1361.29208475565,"group-mcp","own-other",0.327269550271049,18,"Model4"
1,10.7013581098628,0.6379237121,0.0184694087619013,0.127627850204218,0.00704583931929052,0.0251702206535625,0.0019107026139658,-0.000492962235846948,0.0860879072107522,0.0132402963157107,0.0211056265967062,0.0189329033216047,0.00450451585281908,-0.0018659171800372,0.00221222580672596,0.000776651684437899,0.00390269732837433,0.00398689664224085,0.000410029688109567,0.000666959662210598,2.21929196702003e-05,0.000886263777489396,0.000200410725815125,-2.39847699890207e-05,0.00011596149679683,-7.86077325631311e-05,-8.50210242878547e-05,0.000167188230598555,0.000323040595575312,8.72245505575369e-05,-0.000470016658949798,0.000108784114916101,-3.72115142348354e-05,-2.81570694449284e-05,0.000121243860102207,3.58408399215538e-05,-6.59282797904568e-05,0.000116540164896976,0.000246353923239538,2.27443617258632e-05,5.38767131550319e-05,6.30117412108322e-05,3.73265136863791e-05,4.08189101287679e-05,3.16418671817418e-05,6.12279670358783e-05,-2.48001849243834e-05,9.053559907057e-06,1.77275295432913e-05,-7.78616308691696e-06,-3.10358499332632e-05,-1.76006462904731e-05,-1.58456759568591e-05,1,1071,-0.524906693675959,-414.074095372376,11,850.148190744752,908.593615002746,"group-mcp","own-other",0.263483150170468,11,"Model5"
2,10.7013581098628,0.6379237121,-0.00102702387305481,0.00475136826485324,0.0698505940399021,0.0273196877010048,0.00712358237789654,0.0148001772145613,0.00487268121881822,0.00110142388664517,0.011755129915703,0.00841683832561753,0.0161646318590738,0.000178179487845456,0.00357550428892683,0.00968627080816318,0.00238328767620324,0.00497322857734569,-0.000606948194169808,0.00037529271096251,0.000678193163449784,0.00110463497559226,0.00131142656509568,-1.62465265318238e-05,0.000428170161145824,0.000528697828091956,0.000738440252478309,-0.00031718154020865,7.94141523288535e-05,-0.000173486712848997,9.55272596523114e-05,-4.61881424634708e-05,-4.58061603763788e-05,4.82112003094077e-05,5.14193029282869e-05,0.000135069993810666,8.3597758049215e-05,-0.000107484447512143,4.01709638326962e-05,2.93058417821725e-05,2.36220625767163e-05,-2.60499989699885e-05,-0.000125035218534717,5.60024434017188e-06,4.58304011790513e-05,5.80411720797783e-05,1.27227076101336e-05,4.31403699027894e-05,-2.36998066139833e-05,-3.21151005597976e-05,6.68001667901e-06,3.31180695863253e-05,-8.21352581730496e-05,1,783,-0.433276860393903,-456.381131288867,13,938.762262577733,1007.83412760991,"group-mcp","own-other",0.267768721678026,13,"Model5"
3,10.7013581098628,0.6379237121,0.0167910467717356,-0.106669301677645,0.0794725852848391,0.256230867832653,-0.0313554660397599,0.0811550183608494,0.035494469628084,0.027489695612735,0.0157901125744718,0.0290090940929503,0.012249767719708,0.00892630417546289,0.00513499171893645,0.00922572844985284,-0.000581118970463313,0.0179639258878766,-0.000151888663221423,0.00039585634626334,0.000119480863345207,-0.000389421219645582,0.000361815219327753,0.000223666182807868,0.000449803603979923,-5.96726732309823e-05,-0.000152057313144434,0.000404966471033426,0.000190081362631888,-9.81868416951785e-05,-8.95208871365115e-05,-0.000259305098967696,3.79804892179321e-05,6.95587777038292e-05,-5.82798981159867e-05,0.000104564319397203,0.000145343685018593,-4.97144748243634e-05,1.94654062025914e-05,-5.04453603757121e-05,3.28674617084937e-05,0.000102184184257276,8.68983341435265e-06,-6.28280353243212e-05,-2.25473828036457e-06,-2.50936831487083e-05,4.13359549458991e-06,2.33094244756264e-05,1.21970568027654e-05,-1.62132422988075e-05,-1.67335971859142e-05,6.13271803665618e-05,-4.71238138900759e-05,1,916,-0.657422203789826,-399.27174235547,14,826.543484710939,900.928570130203,"group-mcp","own-other",0.261471723570308,14,"Model5"
4,10.7013581098628,0.6379237121,0.0127157595925257,-0.0072754386169902,0.016506132251815,0.0532003483101264,0.264195428588225,0.0359437028072656,0.00831238971490567,-0.00164485022527476,0.0183623147451078,0.0613170238408395,0.0411483779452626,0.0019320993514435,0.00583531358035192,0.00148192248395049,-0.00461614338409662,0.00197743470645152,0.00124710481594337,0.00178899436671996,0.00271744844005973,0.00115889167712736,0.0030542332088255,0.000135884036018646,0.000188495581586285,2.83132853773864e-05,0.000718919507395545,0.000381884876547862,-0.000124955898914497,-0.000152313184320364,3.64286699296742e-05,1.34056878283673e-05,-0.000212059179179026,0.00013005210257849,0.000157127375817254,6.83006715124314e-05,-0.000247260521850821,-7.1546838049381e-05,-6.51881304865869e-05,4.51479576708161e-05,-1.58432917112862e-05,9.41333259769574e-05,1.145237156958e-06,6.10046293930748e-07,-9.89802087508247e-05,-4.33178144608816e-05,-5.95573575708212e-05,9.56239897763163e-05,-7.00897288209232e-05,-7.45477991185065e-06,2.21515584569969e-05,-3.98928313693867e-05,1.22353171929573e-05,5,1500,-0.627638582372511,-448.728978157531,13,923.457956315062,992.529821347236,"group-mcp","own-other",0.27057297926662,13,"Model5"
5,10.7013581098628,0.6379237121,-0.0297445825700193,0.0468081441347189,-0.0113701171227486,0.0646788522087736,0.103819785998669,0.276598909012096,0.0300380385416652,0.0321165741220701,0.0313231461711773,0.0376934435183441,0.189142840367108,0.00995236754946188,0.00551569240418853,0.00542963373111775,0.0103371524720027,0.0674225582684686,0.00385082372319816,0.00579437572010963,0.00163379590796851,0.00331944867738842,0.0122429215445289,0.00164335941065671,0.00114083571031309,0.00147804591844776,0.00128189466715013,0.00574318713976612,-9.04188229230907e-05,0.000253782381142442,0.000298764380682165,-0.000561934276878745,0.000427489531282184,0.000345554094386601,0.000250800244971165,0.000203384170966258,0.000117851492075618,0.000597503960891743,0.000221477097009765,0.000167868533836811,3.29777096664165e-05,-1.1995488811401e-05,0.000364921629795522,-0.000109449709094007,0.000124206325703588,1.79391302291057e-06,0.000107401059658905,0.000125807327158425,3.68759385719177e-05,0.000119638941176173,2.92543442498788e-05,0.000102335274113899,5.27834572416058e-06,5,1500,-0.95011843490038,-467.78847336248,20,975.576946724959,1081.84135446677,"group-mcp","own-other",0.307263026931548,20,"Model5"
1,10.7013581098628,0.4939211626,0.0250976466344084,0.197275124753359,0.0127834864515659,0.00989871439338294,0.0142702142654573,0.0211163526921941,0.0578902424656499,0.0108390290727772,0.00967006590203211,0.00714161878273506,0.0130347315581592,-0.000827473560021435,0.000826035243830013,0.00158923381698903,0.00152310041014374,0.00150611637609673,0.000883005439155503,2.53262488840766e-05,0.000688470620483819,0.00107347378994248,0.000453203089750383,7.0853187346417e-05,0.00015461883554192,0.000236523903907024,0.000220265719671907,-3.48240827308851e-06,-0.000135428589446657,2.01410775158716e-05,0.000198940826788824,6.50416333837522e-05,-8.51890425988873e-05,8.85422917531775e-05,0.00013369772594563,0.000119879031907302,7.06098407316513e-05,-8.54931145041399e-05,5.86489279289571e-05,0.000120344827334253,6.03389829283513e-05,-5.73487784393222e-05,-8.40241337874892e-06,-3.55119160005332e-05,2.42387710861842e-05,-4.67313405996072e-06,5.61669775233084e-05,1.24115853398388e-05,3.8449257945567e-05,-3.28887820237155e-06,5.8169539853374e-05,-2.46490460657761e-05,5.33567873927964e-05,1,1049,-0.439063046540991,-392.513615686141,10,805.027231372282,858.159435243185,"group-mcp","own-other",0.260854167183581,10,"Model6"
2,10.7013581098628,0.4939211626,0.0165959645472835,-0.0244276981098205,0.192256534611445,0.0314274712593128,0.0330641491728288,0.0288489739543759,-0.00220842046617858,0.0782228026960895,0.011033214321407,0.0185333685896612,0.0201794569144705,0.000681303572080768,0.0043854909362778,-0.00122725559580909,0.00136836356349722,0.00143942780575414,3.59053827758816e-05,-0.000415934049645319,6.41278325860414e-05,-4.80344578793743e-05,4.01218601423962e-05,-7.69244925384965e-05,1.44052206072248e-05,1.23001924868128e-05,-1.69351772088631e-05,-7.22667777200647e-05,-0.000107911033741092,-2.53101235490281e-05,0.00011299279108577,3.27901704693819e-05,5.95547477799202e-07,-1.27016234528154e-05,-6.35454670430563e-05,9.40436530182717e-05,-2.46574190941394e-05,-9.33004084524715e-05,5.65457828236183e-06,-6.37901245529132e-06,-3.09244498654625e-05,-4.82955691419487e-05,1.51713768112233e-05,1.50077828560037e-05,2.87004162681864e-05,2.71159802737116e-05,-1.51763380657101e-07,6.17185239211644e-06,-3.20018492333572e-05,2.64562067910726e-05,0.000122953482890251,-3.15693481950759e-06,-8.22765235440004e-05,1,890,-0.459802257963182,-375.856540693454,11,773.713081386908,832.158505644901,"group-mcp","own-other",0.255793092625964,11,"Model6"
3,10.7013581098628,0.4939211626,0.00624617128735938,-0.0483595876286673,0.0348867430799763,0.164798456894414,0.104692097788651,0.0298777265099712,0.0227328941631664,0.0277863386559555,0.0367911268659171,0.015124704065016,0.0153393965260624,0.00132285457628306,-0.00235477993775765,-0.00336421593817734,0.00713089320162365,0.00555859202790675,0.00102394786893708,0.000540650356893791,0.000152992690538644,0.00252563653663673,0.00132025340148795,0.000479216020075685,-0.000104108548332246,0.000946399689650001,0.00068214669710413,0.000912219014853277,0.000140089029695125,-0.00036563477421904,-0.000302087583491285,4.1394842828251e-05,0.000194332347363023,0.00017907419507523,-0.000167037914329785,5.27960383416987e-06,-8.84049251506311e-06,-6.18008852972797e-05,-3.15530580773174e-05,-1.03627437714941e-05,-2.35122644111096e-05,-3.95307304722243e-05,0.000208468123618356,4.54138348152837e-05,6.21006477087282e-05,7.34712894140031e-05,-2.04507293643053e-05,-1.28812643777239e-05,0.000135352977780251,5.52809576142042e-05,-1.29969715801716e-05,1.3126217384334e-05,-0.000121059773239235,5,1500,-0.507011294076998,-419.195936813279,15,868.391873626559,948.090179432913,"group-mcp","own-other",0.263162827910088,15,"Model6"
4,10.7013581098628,0.4939211626,0.0208911821209415,0.148083404439706,0.0549308838163608,0.0454962552728713,0.163971556272661,0.102418073778817,0.00897431500303892,0.00888323769159223,0.00588839949879173,0.0336260720673839,0.0193681947793623,-0.000973250364445653,0.00131040854409446,0.00236872995257255,0.0136046496259322,0.00015371129982554,0.000397401372058316,0.000794972134374128,-0.000226066399776236,0.00235280540794874,0.00012989199542933,0.000313664717065415,0.000479590279038889,-5.53564312858097e-06,0.000369240925182085,0.000162514722420818,-0.000242206969088745,-8.02364076850334e-05,6.49825670101526e-05,7.30570193870739e-05,-0.00010683688684913,-3.43038440558568e-05,-1.73282606084425e-05,-2.46544178519796e-05,-4.35305181516611e-06,-2.89941166413908e-06,7.46532608854964e-06,6.6417208903857e-05,-1.49705336077171e-05,-4.61626143284215e-06,-3.61408188323505e-05,-2.96605231409216e-06,-7.83636332048007e-05,1.41161621479782e-05,0.000102098618524598,7.00654423447443e-06,-7.12476445908725e-06,1.04199398509457e-05,-3.84859476443555e-05,8.84454912905332e-05,4.1937918573619e-05,1,1268,-0.543453400665889,-432.849883485667,13,891.699766971335,960.771632003509,"group-mcp","own-other",0.268093223058146,13,"Model6"
5,10.7013581098628,0.4939211626,-0.0196065610153986,0.0398911411659517,0.0116613359400115,0.0101198913763795,0.0884921983162056,0.318862480711829,0.0341322487683627,0.0456481856474767,0.0210443776732139,0.0514741798827721,0.159834994996372,0.019281995652823,0.0209906415497865,0.0197601488952516,0.0168694135476963,0.0835250162600666,0.00683092080846276,0.00403844741768402,0.00251877535887241,0.0151868008312803,0.0174833019261104,0.000131321940297054,0.000825388800189119,0.0019002942425136,0.00069973717321414,0.00713260977369983,0.00040191873036639,0.000504109046945363,0.000793386252741417,0.000409219924465746,0.00121975780581635,0.000310003402584686,0.000263004863376575,0.000193732408873376,0.000106419006781656,0.000918778081380766,6.78068897567962e-05,-8.30766746001299e-05,8.8141799075445e-05,4.42954992685267e-07,0.000217689288231257,5.94627830003639e-05,5.6715610296733e-05,9.41639874088071e-05,1.85313675605932e-05,0.0001616081957909,3.16481592400137e-05,7.55444481264009e-05,9.23118057686629e-05,5.67899088256427e-05,0.000153472469871861,5,1500,-0.783858615893373,-392.973047891042,21,827.946095782085,939.523723910981,"group-mcp","own-other",0.295770865064031,21,"Model6"
1,10.7013581098628,0.3824252183,0.0331071978469452,0.484611292175352,-0.0159028523229053,-0.0428425687884241,0.0333003260437319,0.0139439231498606,0.178386342220978,-0.0134493466471027,0.00980167235527076,0.0101283419351093,0.00171200205930257,-0.00125424529788002,0.000346734881543314,-0.00253812087203696,-0.00125819835289159,-0.00149353882488799,0.00104510098531723,-0.000235709665851872,-0.000410272095534587,0.000385244765141874,0.00112520563113884,-0.000132489218084682,-0.000197191257566028,-7.05659341097522e-06,2.20520807600658e-05,-0.00017585901401251,-0.000315662948620797,-3.02982572806487e-05,0.000331977623739597,-0.000133204652448878,2.1778206331874e-05,-3.83090509639296e-05,7.18373785525603e-05,-7.80648101439044e-05,-6.96951912418393e-05,5.63244732011128e-05,-6.68999282405164e-05,-6.13859895526802e-07,-3.47408778106817e-06,-0.000134517668877232,-7.5733570408208e-05,-1.5126327244263e-06,-3.82079837842087e-05,-5.53896100582351e-05,-2.71843337390571e-05,-1.35536546758889e-05,8.80511204996281e-05,-3.66774608031728e-05,2.31876256965746e-05,-4.64223598019386e-05,-5.21773508287156e-05,1,780,-0.581257040928374,-425.309720412633,10,870.619440825267,923.75164469617,"group-mcp","own-other",0.2676687833747,10,"Model7"
2,10.7013581098628,0.3824252183,0.0182120762441741,0.0776566542098559,0.169529767985383,0.0296323414313314,0.0214745598050263,0.0102735985619431,0.0137543240612577,0.0370736273547055,0.0160411212633345,0.00621513458140382,0.0346395084068946,0.00541834368369108,0.0307658484919355,0.00632954741734048,-0.000505824994032792,0.000802642927359482,0.000223652962630241,0.00265218743185691,0.000478106748751955,0.000509303296614557,0.00123290259697701,0.00029033078368643,9.46000653131875e-05,8.95458550264718e-05,-5.99326222911619e-05,0.000254026259593708,0.000104431380453624,0.000172547831937542,-1.77192893554793e-05,0.000220063469623414,-0.000121693914274796,-4.84099789207587e-06,0.000138800465710979,-1.503622033609e-05,-8.43654591576491e-05,-0.000123921723866051,4.113255785095e-05,3.85599867950939e-05,1.84543798643211e-07,3.06555255332282e-05,9.7480078325046e-05,-3.28756258952974e-06,-6.19466201913034e-05,1.18984909752351e-05,-1.93464846274972e-05,-1.44741635666586e-05,1.24297108758552e-05,5.56431716567577e-05,-0.000115284921453255,-6.68166431255575e-05,5.54738283813229e-05,1,821,-0.413524653601752,-363.250801487175,14,754.501602974349,828.886688393613,"group-mcp","own-other",0.253489839544728,14,"Model7"
3,10.7013581098628,0.3824252183,0.015920632473353,0.0987891544183002,0.038592620515331,0.141028540788673,0.0306179017315332,0.0306832497421369,0.0371026274664218,0.0339851897234592,0.0405818327513418,0.0187134282353094,0.0443100243465017,0.0143275879322465,0.00170303791367072,-0.0106033310268997,0.0170637385537353,0.00376805693475563,0.000592974877677788,-0.000773536897488376,0.00523771614326053,0.000355213255523742,0.00296456556374455,0.00109271462147397,-0.000606649566523305,-0.000728307291653936,-0.000207692725395924,0.00193392781015557,0.000215350410200341,-0.000110514094908241,0.000760519634666905,0.000587621036161252,0.00112081003589989,8.54959626643874e-05,-5.40211720831837e-05,6.86047209906493e-05,0.000753421290271075,8.75412591649456e-05,0.000196925013795735,3.98797516110586e-05,0.000376907725247025,8.31810110522091e-05,0.000267926582512088,-1.3605892218898e-05,-2.56126836806716e-05,0.00034792183000927,0.000182305923409292,0.000241849602914295,-1.63463448799863e-05,1.94244670836784e-05,6.44173826200692e-05,-3.60973367231712e-05,0.000216912091824545,5,1500,-0.446904704607004,-358.363719894447,16,748.727439788894,833.738965982339,"group-mcp","own-other",0.255392402420321,16,"Model7"
4,10.7013581098628,0.3824252183,0.0240352613867164,0.207635131887339,0.135888386127958,0.0216424115282248,-0.0132383183298284,0.01197585841871,-0.0210353214658915,0.0307465252265041,0.0545059797827334,0.130341661415576,0.0498142677814703,0.00839415948718231,0.0218127475356589,0.00857903491899184,0.034290806052627,0.0338909912887095,0.000189891111350511,0.00189533000134006,0.00333938832861078,0.0114754113499176,0.0035428203122727,0.000177183135437215,0.000178292368302122,-0.000141904979259894,-0.000472824918893376,-0.000263430418746401,0.000194074544068447,7.57271668513609e-05,-3.82918185394678e-06,-0.000483352710503307,-1.06675627851115e-06,-3.21330845788724e-05,-6.44980079497969e-05,4.36585965138193e-05,0.000105638933101769,1.92795814301306e-05,-5.45661421263701e-05,0.000141512231511786,0.000107909771706442,9.06208950676163e-05,0.000118183386974201,-7.57831849732783e-05,-6.64416510715105e-06,-2.26459357195586e-05,-1.34535036394769e-05,2.42308373917214e-05,9.81613737674274e-05,-3.12536665928527e-06,-7.45668348327728e-06,4.99822654611458e-05,1.2142696441862e-05,1,889,-0.591486159196681,-378.350359894739,18,792.700719789478,888.338686757104,"group-mcp","own-other",0.259146711698786,18,"Model7"
5,10.7013581098628,0.3824252183,-0.00937841130640654,0.0235583470052558,0.0494707493513464,0.0422562064342752,0.0593165332575603,0.262183917529183,0.0583113721082358,0.0421380778631738,0.0463591504311757,0.0393585970850291,0.198675702525322,0.0105429794347759,0.0278293125318172,0.0110685269935054,0.034696034114442,0.0974192671748802,0.00140802523696929,0.00490867836977202,0.00957484251516307,0.011904802086152,0.0381538736277321,0.00181111406328753,0.00432943946264263,0.00206407215977734,0.0036839950440468,0.00904228437083212,0.00107534449045281,0.000298972262620223,-9.90147968837894e-05,-0.000328771400766416,0.00188754163407406,0.000477126014673966,0.000232189678565754,0.000392284469292811,0.000389125902351254,0.00165231874940862,-0.000127052593534426,-1.696272348842e-05,-9.86460976371651e-05,0.000291648849616815,5.11810682523159e-05,0.000200613407886326,2.70991207469838e-06,-3.39295360552936e-05,9.79218751891964e-05,0.000199418565550298,1.00829340514503e-05,3.95023344205089e-06,3.57840056049179e-05,4.26410583804148e-05,3.69987280442612e-05,5,1500,-0.657976266443991,-314.313261228945,23,674.626522457889,796.830591360966,"group-mcp","own-other",0.285212651875377,23,"Model7"
1,10.7013581098628,0.2960979579,0.0287383710044416,0.187848697971938,-0.00938943088881084,0.0543880610129337,0.0892857121326843,0.0145103071687737,0.102347007307061,-0.00538523063526512,0.0113594755559866,-0.00361317147177156,-0.00658105580519208,-0.0033300793771674,0.00107450951790553,-0.0025933381102949,-0.00298361546637732,0.00787103588787965,0.0034170343558964,0.000365293922361597,0.00293146791166295,0.00199504868206755,-0.00144914428605702,0.000710400182833739,0.000298707228604547,0.000338553006654284,9.39933380374544e-05,0.000797973147454811,0.000117668767179334,-0.000400763025249093,0.000773231742657646,-0.000366181651459963,-7.31908947694879e-05,0.000214174458723513,0.000375440910892365,-7.61915516160703e-05,-9.00122036607995e-05,-8.11296097179745e-06,-6.94529321035952e-05,0.000167957441584513,2.86352012854067e-05,-0.000215532485001495,-8.13578648732846e-05,0.000109956481553341,1.10361178690966e-05,-2.62300306820267e-05,0.000217825561308508,0.000215659031613759,5.20805883623928e-05,-0.000113170057135553,-3.43413451703301e-07,9.2899312036916e-05,0.000204781483331451,5,1500,-0.392691063323806,-365.022113851615,16,762.044227703231,847.055753896676,"group-mcp","own-other",0.256579014279082,16,"Model8"
2,10.7013581098628,0.2960979579,0.0198626239212054,0.0379450066306324,0.295638709611443,0.0252774717957666,-0.0172831339871271,0.0207483041036219,0.0270749922743193,0.0820144220038748,0.0134298909801386,0.00743247425378719,0.0180711757522635,-0.000730603229800744,-0.00530904506566436,0.0012620224801364,0.001522255023441,-0.00142349815358789,0.000885933079217988,0.00087918838249159,0.00159225076722374,0.00243345395712297,0.00199535455542468,0.000641635341353238,0.000600507213081325,-0.000517102511830931,-0.00023959148741517,0.000425668510154719,-8.52877538470717e-05,-0.000266643357049707,-0.000249829519114002,-0.000150122837248931,-0.000120966374739086,-2.61257577984949e-06,-0.000133077016139816,0.000102260485364004,0.000194308311812908,3.35076479910408e-05,-0.000130959662349624,-3.83237223715734e-05,1.37409382102614e-05,3.63979906921512e-05,-7.42517134594712e-05,4.88240488862958e-05,-6.35086345452654e-05,-7.78651012451865e-06,-5.10980208682118e-05,-0.000102653145453376,7.1746039293489e-05,-6.81037372805501e-05,-3.89207873745955e-05,4.78452050069582e-05,-1.82801913925251e-05,5,1500,-0.40138818615199,-378.663583227784,12,781.327166455569,845.085811100652,"group-mcp","own-other",0.255831404641526,12,"Model8"
3,10.7013581098628,0.2960979579,0.0147134892145794,0.0841901443067122,-0.0238206292562646,0.157964309001158,0.022610733840609,0.0264819138070073,0.0285912212396551,0.022376771589534,0.0613829065477933,0.0255871873618899,0.0216918310032092,0.0144816915264667,0.0135803407824412,0.0234418151189148,0.0108399380920942,0.0277834362498044,0.0024020912139362,0.000224929005108935,0.00283626273774079,0.00263698532341789,0.00359588767891699,0.000214549540945908,0.000650173786277271,0.00126786507857612,0.000129494118993941,0.000104911539078795,6.92747978980449e-05,-5.2039694970137e-05,0.000223680676162757,0.000152395086885523,-0.000128133418779463,-3.93952078504344e-05,5.13168771224676e-06,1.73611562898566e-05,9.64692694081454e-05,-3.21325513382421e-05,-2.09085058492032e-05,0.000122889004587114,0.000155144835265319,-5.95199007931429e-06,4.04209497872041e-05,3.46211092524051e-05,2.89335959640259e-05,8.77899235178011e-05,6.53435805583541e-05,3.79078903380986e-05,-5.30547925949046e-05,3.48432354417129e-05,-2.27906744863006e-05,-3.96085249936105e-05,-9.12361837725898e-05,1,1164,-0.391846256075842,-346.359490934559,19,730.718981869119,831.670169223834,"group-mcp","own-other",0.253161226784095,19,"Model8"
4,10.7013581098628,0.2960979579,0.0233513020740458,0.0838724870316573,0.0586141747312466,0.0333571028703812,0.0554704614560146,0.0547611476388412,0.0240069519374392,0.0446815736614639,0.0213084882143905,0.0912792673495786,0.0586827549927836,0.00954733966246762,0.0115924953582843,0.011178841324516,0.0245496864171211,0.0177423986278985,0.00042351346402957,0.00114003206840708,0.00470696888116015,0.00517188680916891,-0.00205759465780723,0.00147551598636146,0.00143343384466536,0.00129513892902459,0.00443498121682799,0.000915961038316199,0.000700670031859776,8.4164368832176e-05,0.00042214358319767,0.000908975986730466,-0.000600010804325517,0.000188659092472912,0.00029640073743773,0.000270625721161146,0.000521943601722234,0.000296264285264776,0.000282832936208404,0.000189819065013636,0.000299152186557,0.00043703984614015,0.000347705545098369,-0.000113284195954138,-6.51205693264978e-05,-8.12672108216293e-05,8.35509456909391e-05,-0.000203005990092775,5.11245097363384e-05,0.000178811063904615,-2.63925680381668e-06,0.000165401300502332,0.000125787078493213,5,1500,-0.428942369717281,-367.400096326604,19,772.800192653209,873.751380007925,"group-mcp","own-other",0.257575483135898,19,"Model8"
5,10.7013581098628,0.2960979579,-0.000645813513134377,0.0142405219139454,0.0229938045451538,0.0624728671087312,0.0613533496307839,0.183897874962419,0.0371298952297596,0.0438542978050033,0.0562976773519215,0.0566872909586836,0.17534092314687,0.0369039015644782,0.0322665883786561,0.0330229077028612,0.043607273268349,0.153872060663806,0.0191501716812407,0.0157491210127704,0.0238101031697974,0.0259400805636508,0.0582512743652623,0.000766900230567135,0.00654339673970661,0.00563752602702749,0.00678475673966602,0.0257830470767951,0.000795913442244056,0.000310408810495956,0.00047597223981193,2.87734239521698e-06,0.00418951345970794,0.000142146873201788,0.000320976111629226,0.000348959981878748,0.000218304050939138,0.000839227977903563,6.47338957109544e-06,-4.6790059571172e-05,-6.94112782439931e-05,7.90446403293502e-05,0.000116303439268445,5.23947958473374e-05,2.35948598891848e-05,2.5210940840395e-05,7.20243492011314e-06,0.000111520945019516,0.000104774272095836,-4.11714428732248e-05,0.000116300232654882,6.0792067450484e-05,-1.98924190417794e-05,1,1024,-0.561497280046713,-228.163663410833,25,506.327326821665,639.157836498923,"group-mcp","own-other",0.270789508070786,25,"Model8"
1,10.7013581098628,0.2292578953,0.0275048124344262,0.249027659924984,0.0539208904617778,0.0153020659643547,0.0633180425912675,-0.0124146049871689,0.0846321949167253,0.00342713865633215,0.00500744888375517,0.00274773993590283,0.0122803107823571,-0.00291683548739569,0.00214525065326169,0.0016401484994416,0.00255806302562072,0.00205033322591201,0.000723265994415022,0.000533430477718685,-0.000271104018066562,0.000641143582383534,0.000321458727643164,0.000280571442440728,8.6002886932704e-05,0.000132274955574956,4.99561213665678e-05,0.000318161315987705,0.000157765839212509,0.000151915436703837,4.11559439648596e-05,0.000132332994198687,0.000164934429625366,1.85785463093435e-05,-4.22621090443268e-05,8.71162174693235e-05,0.000106821031298101,3.92558459754877e-05,7.64938174877441e-05,-5.57227047260717e-06,-2.76929824564291e-05,-3.86551225542801e-05,-2.77154701755823e-05,6.5224133351672e-05,-4.13341441859031e-05,-3.55096501851866e-05,2.14734754747999e-05,5.10659371930302e-05,-2.62657309173191e-05,-1.2037946893386e-05,1.13886255624357e-05,4.11836139710691e-05,6.80602544094989e-05,1,1404,-0.349197417821121,-369.150821248046,14,766.301642496092,840.686727915356,"group-mcp","own-other",0.25728985650848,14,"Model9"
2,10.7013581098628,0.2292578953,0.0207403827082242,0.069044227517353,0.229136901345249,0.00117386235494299,0.0487521756236868,0.0021993716632132,0.00498835378568828,0.185392063463913,0.0209358496199474,0.0105323564719289,-0.0010510595407391,0.00299153806242644,-0.000536518541101691,0.00315523309223113,0.00517271897852641,0.00583297131870144,0.00013680989874757,0.000330761495752097,3.35452868565862e-05,-0.000182081699359135,0.000210934217007621,-0.000191108856868583,0.000519334084981917,-7.53868364118261e-05,-0.000272111311576616,-0.000225554340447155,-6.59947706149587e-05,0.000126668459965852,0.000223857833138987,0.000161025183278877,0.000152430368855671,8.76824436982835e-05,4.85698705181162e-07,2.3721436533014e-05,-3.42929089675734e-05,0.000119209393873012,1.4880983385154e-06,-7.08231083099261e-05,2.38262103236807e-05,0.0001208369148071,8.2386336392465e-05,1.35081391787505e-05,-1.4412408144684e-05,-5.26057248009271e-06,-2.47076450303975e-05,1.94114008109618e-05,1.75172768219469e-05,-5.26319484138291e-05,5.70259674112209e-06,3.30691120910862e-05,-1.94270803246128e-05,1,1011,-0.382919132721871,-359.630072856537,12,743.260145713073,807.018790358157,"group-mcp","own-other",0.253731456518495,12,"Model9"
3,10.7013581098628,0.2292578953,0.0244945056612197,0.0255071985790784,-0.0789806647093705,0.213364612025783,0.0157826854672131,0.0927161948006999,0.0282521721567152,0.0251056799181943,0.113171847424675,0.0149043568723606,0.0217753204288037,0.00344951714968173,0.0132033000338687,0.0197123210594252,0.00442585314172072,0.00949835101946436,0.000151652318537017,0.000855238733046431,8.59971313092185e-05,9.93068627549528e-05,0.000492997189244926,-0.000291560506566261,0.000278904965660202,-0.000198237534451447,9.88955011410628e-05,0.000232780357647968,2.97596370440068e-05,-3.98226169384724e-05,9.05303578571251e-05,7.47512245606391e-06,0.000117323967444435,3.45041131309874e-05,0.000101674262033598,-1.58680788577688e-05,-2.01102573765575e-05,9.39697589135113e-05,1.16505029918507e-05,-6.69553193378885e-06,9.98244324399501e-05,4.99135925391295e-05,4.43228713884505e-05,2.14859541849514e-05,-3.77915261015094e-05,-3.93556899663866e-05,1.07755892373717e-05,4.78233593549605e-08,-1.97939620664855e-05,-1.8422340777637e-05,5.10910748022685e-06,6.1279947410441e-05,4.027827822333e-05,5,1500,-0.363488233559,-343.269388320014,15,716.538776640027,796.237082446382,"group-mcp","own-other",0.253368960135482,15,"Model9"
4,10.7013581098628,0.2292578953,0.0256305750088608,0.125193698238333,0.0106694849483443,0.0671330691223247,0.0763760873824306,0.00906334312842499,0.0321712938901959,0.0100216071587381,0.0387743373063599,0.147282290154104,0.0745463640086583,0.0164269672320246,0.011476774752534,-0.00567913535280678,0.0367782677203322,0.0239202298475721,0.000440270363704733,0.00147684457667836,0.000847096782228028,0.00673538604924517,0.00196032067404055,0.000416499300614547,0.000388344533612209,-8.1160776094085e-06,0.000919430703172869,-6.04879722544854e-05,5.02392788261241e-05,3.03737293399423e-05,3.4077331626181e-06,-8.71830277144062e-05,-1.03342842614097e-05,6.36778381913865e-05,-1.52281375558104e-06,7.47357939434587e-05,5.36185447649471e-05,1.75817558627217e-05,-0.000136507958644098,-4.01526566847091e-05,1.36368296371131e-05,-2.70566974593066e-05,4.79367349637623e-05,6.07598164267369e-05,-4.38439611869305e-07,4.22311177133622e-05,2.32373569374552e-05,-2.83896600006479e-05,-3.59878643140465e-05,-7.71195622056623e-05,3.04318349173001e-05,-4.77579444368159e-05,5.78094734870742e-05,1,1107,-0.406587899578465,-356.953312273637,16,745.906624547275,830.91815074072,"group-mcp","own-other",0.256755621145071,16,"Model9"
5,10.7013581098628,0.2292578953,0.0110133299827609,0.0256823210779552,0.0194809185991844,0.0165809291516936,0.0554669216868521,0.211223952208826,0.0537773994072575,0.0666414200831209,0.0630365790432325,0.0579805161629154,0.194082781769472,0.0271956484271066,0.028927689188892,0.0189441202782846,0.0612646490199189,0.152452731559471,0.00287716076892327,0.0196119148741643,0.0271208526940106,0.0268859335211531,0.0699085618740612,-0.000328793051968143,-0.000921760344053281,0.0051095461767739,0.00595686548247345,0.0192158231376817,0.00306557515857454,0.00251010150435082,-0.000719097351702218,-0.00160539499760612,0.00881388902598797,0.000920706493482871,-1.12562889813956e-05,0.00111187174324844,0.00133492727189955,0.00263589008059888,5.1765905372974e-05,0.000283062937484328,0.000382595259399748,0.000149534015834441,0.000581968085588163,1.86774277164596e-05,-4.43269422876168e-05,5.02731328723704e-05,0.000163940733833992,-5.070886253455e-05,-1.94905668585463e-05,-0.000108673485109157,0.000101033822957276,-1.98561070251679e-05,0.000114555000809644,5,1500,-0.449788910663559,-196.817790817586,27,447.635581635172,591.09253208661,"group-mcp","own-other",0.264479068681176,27,"Model9"
1,10.7013581098628,0.1775060623,0.0309183817229816,0.268592396172571,0.023897369370093,0.0346628353313141,0.0474793695097041,-0.00938647203383449,0.0952530328929796,0.0124636016841111,0.0157131119097469,0.00913282648316163,0.00944125697640301,0.00487304824281544,0.00174384866062882,0.000622818958449013,0.00684558696342044,0.00301136212580704,0.000694325775765095,0.00143976699109689,0.00197955290976785,0.00112802961233082,0.00287994196280084,-0.000274265652467074,8.93763038995349e-05,-0.000279865846533051,-0.000310928170864578,2.1566144130185e-05,-2.65213745035733e-05,-0.000107690851863731,4.94773257489486e-06,9.27972483467552e-05,0.000142089398849006,5.16740296986728e-05,1.26569186387287e-05,-4.95130001863121e-05,0.000194845444283702,2.29942428015361e-05,1.20501178657641e-05,-5.69006257060672e-05,5.17158490149835e-06,3.34964555956882e-05,-3.79732442127403e-06,-1.47666267382292e-05,3.19347184225289e-05,-8.51430883599053e-05,-1.45322853222392e-05,8.32403356334363e-05,2.37948926264154e-05,-3.204106273489e-05,2.34111599942828e-05,-3.93873959405887e-06,1.43075098015624e-05,1,843,-0.325657987492712,-363.100855130202,14,754.201710260404,828.586795679668,"group-mcp","own-other",0.256248007816292,14,"Model10"
2,10.7013581098628,0.1775060623,0.02168870506447,-0.00300220369991896,0.196086800693111,0.0788676268175139,0.0347495092785461,-0.0246733389336226,0.00399400625483352,0.138670499463834,0.0262249340623808,0.0434765276485495,0.0149066477441853,0.00398156771610897,0.042594231781987,0.00124022270096687,0.00548238450145482,0.0092845422284403,-0.00137670076311264,-0.000801828990617736,-0.00119124928561656,0.00119632301066457,0.000882986098462695,-0.000135026461122969,0.000710549747974323,-3.74603765387984e-05,-0.000107408524379812,-0.000101425604611584,0.000101166936604756,3.89993256065437e-05,4.72346125580235e-05,-0.000185191573058421,0.000149254347866105,1.22896917315897e-06,-9.46061625605444e-06,-5.61087928902739e-05,-6.17009569141313e-06,0.000145859688870905,3.73750330908899e-05,2.0792747367768e-06,8.4501615785191e-05,1.62278206847192e-05,0.000104348411067522,-5.30802455839187e-06,1.0195288671942e-05,1.30660076116868e-05,-2.33472119345079e-07,-3.99306755435172e-05,-1.18558634372415e-05,-2.78686975060783e-05,0.000109184354880966,2.45491801658752e-05,3.78596633164496e-05,1,1021,-0.335449857211994,-340.914370743352,14,709.828741486705,784.213826905969,"group-mcp","own-other",0.249501425386574,14,"Model10"
3,10.7013581098628,0.1775060623,0.0319400318432568,-0.0352795874180947,-0.00807737205165235,0.147384770457724,0.0287735160874619,0.0797311066335953,0.000970208742164913,0.0620597937389248,0.155529475117607,0.0207896458755066,0.0161514026746174,0.0222287824394424,0.0189659163166804,0.0522610238419391,0.0163680624153407,0.0260784455473894,0.00360839016907641,-0.000275040774911284,0.0165084830294916,0.0131252709794753,-0.0125748305808158,-0.000699085916724341,0.000243718725900364,0.00337476385275616,0.00236903243032529,-0.000180204444110475,0.000349215151220741,0.000286946308948428,-0.00071691072391434,-0.000189302697680115,0.00013310553587651,-0.000120283644336859,-0.000304879963665832,-9.44737570942408e-05,0.000269792786974816,-5.16430410175166e-05,-3.92686242667147e-05,0.000127634044322947,0.000152458258321219,-0.000271191590571603,3.91145861966911e-05,3.25989016699107e-05,-9.36699117129648e-06,8.509712214035e-05,-0.000121234023681888,0.000104160055876959,-2.90916718448407e-05,7.09943359292123e-05,-3.5069123030045e-05,-0.000165130103529114,0.000133598889217398,5,1500,-0.347609616816643,-316.543750700848,20,673.087501401696,779.351909143503,"group-mcp","own-other",0.250179490223198,20,"Model10"
4,10.7013581098628,0.1775060623,0.0334239009739433,0.0776428757606471,-0.0183042934483804,0.0112562044095492,0.154837353408776,0.0167053380204498,0.0254076561588097,0.0469085566750618,0.0452926385763484,0.104523635345744,0.0660977000247495,0.0228529082824997,0.0341423812081601,0.0144432732231223,0.0692596504032927,0.0449758184652272,0.00138895432665124,0.00107762397195257,0.0029119111832898,0.000750277792126551,0.000772675439527231,0.000110412013086993,0.00101486391523222,-0.00128004448466525,0.000945213854994282,-0.00034484047859062,0.00049574603338262,5.65811558141329e-05,0.000535247617511697,-0.000219540649677036,0.000255576514361897,0.000135310722503499,-0.000133699240715782,-0.000148847371999903,0.000871796467355654,-5.8739076625196e-05,-1.8859699399257e-05,8.40488824605728e-06,-6.86497328970273e-05,-3.23816257565601e-05,0.000301804802822989,-0.000207849438510994,-0.000107061451159986,9.43579655204589e-05,-0.000101998061596748,-0.00013564436400161,4.79397370298192e-05,-5.40786195911144e-05,-1.48307264898158e-05,-4.36747179388978e-05,5.75689699010865e-05,5,1500,-0.357653222412189,-332.001790685441,16,696.003581370882,781.015107564327,"group-mcp","own-other",0.254148365061586,16,"Model10"
5,10.7013581098628,0.1775060623,0.0146717717761122,0.00700500076134224,0.0149569757705447,0.0281722431623278,0.0397431523163026,0.217101829675741,0.0412846042009254,0.02650842095535,0.0443202518116939,0.0791883825588184,0.209918649730829,0.020937577442544,0.0260362454309489,0.0110470535303755,0.0794454443851483,0.169998010516234,0.00650569037965533,0.0109117422694744,0.0373155768409764,0.0398127800564552,0.0454796645814784,0.00315102287824426,0.0115271831695753,0.0140655208004857,0.00822541890298626,0.0317110596143901,0.000340248172709893,-0.000521541229978074,0.000503770777812786,0.000976182557256729,0.00213203829352277,0.000125348771694446,9.41921361877597e-06,0.000343207457425599,0.000271251318219673,0.00118306683772336,8.35852425765918e-06,5.58541597637498e-05,-0.000227036010380414,-8.28095821917816e-05,0.000186887996920642,4.05987858280214e-05,5.6149323978823e-05,6.74900325787368e-05,8.47587380623502e-05,-1.6140358228401e-05,8.43088790908037e-05,7.19529569780516e-05,-5.40281880762767e-05,-8.91479481658107e-05,6.25880486956183e-05,1,752,-0.36305585153709,-184.285489759877,26,420.570979519754,558.714709584102,"group-mcp","own-other",0.261648908963539,26,"Model10"
